{
	"height" : 480,
	"intrinsic_matrix" : 
	[
		610.0023193359375,
		0.0,
		0.0,
		0.0,
		609.85760498046875,
		0.0,
		425.36004638671875,
		237.9273681640625,
		1.0
	],
	"width" : 848
}